[
    {
        "id": 1,
        "title": "Popular"
    },
    {
        "id": 2,
        "title": "Design"
    },
    {
        "id": 3,
        "title": "UX"
    },
    {
        "id": 4,
        "title": "Usability"
    },
    {
        "id": 5,
        "title": "Develope"
    },
    {
        "id": 6,
        "title": "Icon"
    },
    {
        "id": 7,
        "title": "Business"
    },
    {
        "id": 8,
        "title": "Consult"
    },
    {
        "id": 9,
        "title": "Kit"
    },
    {
        "id": 10,
        "title": "Keyboard"
    },
    {
        "id": 11,
        "title": "Mouse"
    },
    {
        "id": 12,
        "title": "Technology"
    }
]