[
    {
        "id": 1,
        "img": "assets/img/instagram/01.jpg"
    },
    {
        "id": 2,
        "img": "assets/img/instagram/02.jpg"
    },
    {
        "id": 3,
        "img": "assets/img/instagram/03.jpg"
    },
    {
        "id": 4,
        "img": "assets/img/instagram/04.jpg"
    },
    {
        "id": 5,
        "img": "assets/img/instagram/05.jpg"
    },
    {
        "id": 6,
        "img": "assets/img/instagram/06.jpg"
    },
    {
        "id": 7,
        "img": "assets/img/instagram/07.jpg"
    },
    {
        "id": 8,
        "img": "assets/img/instagram/08.jpg"
    },
    {
        "id": 9,
        "img": "assets/img/instagram/09.jpg"
    }
]