[
    {
        "id": 1,
        "img": "assets/img/team/01.jpg",
        "name": "Rosalina D. Willaimson",
        "designation": "Founder & Ceo",
        "shortdescription": "Lorem ipsum dolor sit amet, consectetur adipisicing elit, sed do eiusmod tempor incididunt ut labore.",
        "longdescription": "Lorem ipsum dolor sit amet, consectetur adipisicing elit, sed do eiusmod tempor incididunt ut labore et dolore magna aliqua. Ut enim ad minim veniam, quis nostrud exercitation is enougn for today.",
        "social": [
            {
                "icon": "fab fa-facebook-f",
                "title": "Facebook",
                "url": "www.domain.com/username"
            },
            {
                "icon": "fab fa-twitter",
                "title": "Twitter",
                "url": "www.domain.com/username"
            },
            {
                "icon": "fab fa-behance",
                "title": "Behance",
                "url": "www.domain.com/username"
            },
            {
                "icon": "fab fa-linkedin",
                "title": "Linked In",
                "url": "www.domain.com/username"
            },
            {
                "icon": "fab fa-youtube",
                "title": "YouTube",
                "url": "www.domain.com/username"
            }
        ],
        "contactinfo": [
            {
                "icon": "fas fa-phone",
                "title": "Phone",
                "text": [
                    "+(123) 456-7890 8",
                    "+987 868 6578 648"
                ]
            },
            {
                "icon": "fas fa-envelope",
                "title": "Email",
                "text": [
                    "info@example.com",
                    "job@example.com"
                ]
            },
            {
                "icon": "fas fa-map-marker-alt",
                "title": "Address Info",
                "text": [
                    "24 Fifth st., New York, US"
                ]
            }
        ]
    },
    {
        "id": 2,
        "img": "assets/img/team/02.jpg",
        "name": "Hilixer D. Dilimmah",
        "designation": "Founder & UX Designer",
        "shortdescription": "Lorem ipsum dolor sit amet, consectetur adipisicing elit, sed do eiusmod tempor incididunt ut labore.",
        "longdescription": "Lorem ipsum dolor sit amet, consectetur adipisicing elit, sed do eiusmod tempor incididunt ut labore et dolore magna aliqua. Ut enim ad minim veniam, quis nostrud exercitation is enougn for today.",
        "social": [
            {
                "icon": "fab fa-facebook-f",
                "title": "Facebook",
                "url": "www.domain.com/username"
            },
            {
                "icon": "fab fa-twitter",
                "title": "Twitter",
                "url": "www.domain.com/username"
            },
            {
                "icon": "fab fa-behance",
                "title": "Behance",
                "url": "www.domain.com/username"
            },
            {
                "icon": "fab fa-linkedin",
                "title": "Linked In",
                "url": "www.domain.com/username"
            },
            {
                "icon": "fab fa-youtube",
                "title": "YouTube",
                "url": "www.domain.com/username"
            }
        ],
        "contactinfo": [
            {
                "icon": "fas fa-phone",
                "title": "Phone",
                "text": [
                    "+(123) 456-7890 8",
                    "+987 868 6578 648"
                ]
            },
            {
                "icon": "fas fa-envelope",
                "title": "Email",
                "text": [
                    "info@example.com",
                    "job@example.com"
                ]
            },
            {
                "icon": "fas fa-map-marker-alt",
                "title": "Address Info",
                "text": [
                    "24 Fifth st., New York, US"
                ]
            }
        ]
    },
    {
        "id": 3,
        "img": "assets/img/team/03.jpg",
        "name": "Hilixer B. Browni",
        "designation": "Co-founder",
        "shortdescription": "Lorem ipsum dolor sit amet, consectetur adipisicing elit, sed do eiusmod tempor incididunt ut labore.",
        "longdescription": "Lorem ipsum dolor sit amet, consectetur adipisicing elit, sed do eiusmod tempor incididunt ut labore et dolore magna aliqua. Ut enim ad minim veniam, quis nostrud exercitation is enougn for today.",
        "social": [
            {
                "icon": "fab fa-facebook-f",
                "title": "Facebook",
                "url": "www.domain.com/username"
            },
            {
                "icon": "fab fa-twitter",
                "title": "Twitter",
                "url": "www.domain.com/username"
            },
            {
                "icon": "fab fa-behance",
                "title": "Behance",
                "url": "www.domain.com/username"
            },
            {
                "icon": "fab fa-linkedin",
                "title": "Linked In",
                "url": "www.domain.com/username"
            },
            {
                "icon": "fab fa-youtube",
                "title": "YouTube",
                "url": "www.domain.com/username"
            }
        ],
        "contactinfo": [
            {
                "icon": "fas fa-phone",
                "title": "Phone",
                "text": [
                    "+(123) 456-7890 8",
                    "+987 868 6578 648"
                ]
            },
            {
                "icon": "fas fa-envelope",
                "title": "Email",
                "text": [
                    "info@example.com",
                    "job@example.com"
                ]
            },
            {
                "icon": "fas fa-map-marker-alt",
                "title": "Address Info",
                "text": [
                    "24 Fifth st., New York, US"
                ]
            }
        ]
    },
    {
        "id": 4,
        "img": "assets/img/team/04.jpg",
        "name": "Pokoloko K. Kilix",
        "designation": "Manager",
        "shortdescription": "Lorem ipsum dolor sit amet, consectetur adipisicing elit, sed do eiusmod tempor incididunt ut labore.",
        "longdescription": "Lorem ipsum dolor sit amet, consectetur adipisicing elit, sed do eiusmod tempor incididunt ut labore et dolore magna aliqua. Ut enim ad minim veniam, quis nostrud exercitation is enougn for today.",
        "social": [
            {
                "icon": "fab fa-facebook-f",
                "title": "Facebook",
                "url": "www.domain.com/username"
            },
            {
                "icon": "fab fa-twitter",
                "title": "Twitter",
                "url": "www.domain.com/username"
            },
            {
                "icon": "fab fa-behance",
                "title": "Behance",
                "url": "www.domain.com/username"
            },
            {
                "icon": "fab fa-linkedin",
                "title": "Linked In",
                "url": "www.domain.com/username"
            },
            {
                "icon": "fab fa-youtube",
                "title": "YouTube",
                "url": "www.domain.com/username"
            }
        ],
        "contactinfo": [
            {
                "icon": "fas fa-phone",
                "title": "Phone",
                "text": [
                    "+(123) 456-7890 8",
                    "+987 868 6578 648"
                ]
            },
            {
                "icon": "fas fa-envelope",
                "title": "Email",
                "text": [
                    "info@example.com",
                    "job@example.com"
                ]
            },
            {
                "icon": "fas fa-map-marker-alt",
                "title": "Address Info",
                "text": [
                    "24 Fifth st., New York, US"
                ]
            }
        ]
    },
    {
        "id": 5,
        "img": "assets/img/team/05.jpg",
        "name": "Pokoloko K. Kilix",
        "designation": "Manager",
        "shortdescription": "Lorem ipsum dolor sit amet, consectetur adipisicing elit, sed do eiusmod tempor incididunt ut labore.",
        "longdescription": "Lorem ipsum dolor sit amet, consectetur adipisicing elit, sed do eiusmod tempor incididunt ut labore et dolore magna aliqua. Ut enim ad minim veniam, quis nostrud exercitation is enougn for today.",
        "social": [
            {
                "icon": "fab fa-facebook-f",
                "title": "Facebook",
                "url": "www.domain.com/username"
            },
            {
                "icon": "fab fa-twitter",
                "title": "Twitter",
                "url": "www.domain.com/username"
            },
            {
                "icon": "fab fa-behance",
                "title": "Behance",
                "url": "www.domain.com/username"
            },
            {
                "icon": "fab fa-linkedin",
                "title": "Linked In",
                "url": "www.domain.com/username"
            },
            {
                "icon": "fab fa-youtube",
                "title": "YouTube",
                "url": "www.domain.com/username"
            }
        ],
        "contactinfo": [
            {
                "icon": "fas fa-phone",
                "title": "Phone",
                "text": [
                    "+(123) 456-7890 8",
                    "+987 868 6578 648"
                ]
            },
            {
                "icon": "fas fa-envelope",
                "title": "Email",
                "text": [
                    "info@example.com",
                    "job@example.com"
                ]
            },
            {
                "icon": "fas fa-map-marker-alt",
                "title": "Address Info",
                "text": [
                    "24 Fifth st., New York, US"
                ]
            }
        ]
    }
]