[
    {
        "id": 1,
        "name": "Rosalina d. william",
        "designation": "founder,yourwebsite ",
        "image": "assets/img/testimonials/01.jpg",
        "comment": "“ Online proofing smart review allows pages within multi page documents to be treated as. Aproove was built to be content is real. ”",
        "rating": 4
    },
    {
        "id": 2,
        "name": "Rosalina d. william",
        "designation": "founder,yourwebsite ",
        "image": "assets/img/testimonials/02.jpg",
        "comment": "“ Online proofing smart review allows pages within multi page documents to be treated as. Aproove was built to be content is real. ”",
        "rating": 4
    },
    {
        "id": 3,
        "name": "Rosalina d. william",
        "designation": "founder,yourwebsite ",
        "image": "assets/img/testimonials/03.jpg",
        "comment": "“ Online proofing smart review allows pages within multi page documents to be treated as. Aproove was built to be content is real. ”",
        "rating": 4
    },
    {
        "id": 4,
        "name": "Rosalina d. william",
        "designation": "founder,yourwebsite ",
        "image": "assets/img/testimonials/01.jpg",
        "comment": "“ Online proofing smart review allows pages within multi page documents to be treated as. Aproove was built to be content is real. ”",
        "rating": 4
    }
]