[
    {
        "id": 1,
        "tweet": "Rescue - #Username ready @ wordpress Theme for icons Bloggers available on @Username https://example.com/2r1POjOjgVC… https://example.com/rDAnPyClu1",
        "tweetdate": "March 25, 2021"
    },
    {
        "id": 2,
        "tweet": "Rescue - #Username ready @ wordpress Theme for icons Bloggers available on @Username https://example.com/2r1POjOjgVC… https://example.com/rDAnPyClu1",
        "tweetdate": "March 25, 2021"
    },
    {
        "id": 3,
        "tweet": "Rescue - #Username ready @ wordpress Theme for icons Bloggers available on @Username https://example.com/2r1POjOjgVC… https://example.com/rDAnPyClu1",
        "tweetdate": "March 25, 2021"
    }
]